{
    "epoch": [
        1,
        2,
        3,
        4,
        5,
        6,
        7,
        8,
        9,
        10,
        11,
        12,
        13,
        14,
        15,
        16,
        17,
        18,
        19,
        20,
        21,
        22,
        23,
        24,
        25,
        26,
        27,
        28,
        29,
        30,
        31,
        32,
        33,
        34,
        35,
        36,
        37,
        38,
        39,
        40,
        41,
        42,
        43,
        44,
        45,
        46,
        47,
        48,
        49,
        50,
        51,
        52,
        53,
        54,
        55,
        56,
        57,
        58,
        59,
        60,
        61,
        62,
        63,
        64,
        65,
        66,
        67,
        68,
        69,
        70,
        71,
        72,
        73,
        74,
        75,
        76,
        77,
        78,
        79,
        80,
        81,
        82,
        83,
        84,
        85,
        86,
        87,
        88,
        89,
        90
    ],
    "loss": [
        3.112110779526528,
        2.49864070335131,
        2.1093350528331287,
        1.8896213736426963,
        1.7071021159043474,
        1.5611532675416282,
        1.4567988300591372,
        1.3445022323828064,
        1.2789554063523754,
        1.1628393520799916,
        1.1013192018766083,
        1.18096176894863,
        1.0642464088924815,
        1.1878985282075538,
        1.014494442872787,
        0.9355878176983823,
        0.852391817094235,
        1.022766487317139,
        0.8840618957294507,
        0.8400859529717585,
        0.7873510986231687,
        0.7400060817599297,
        0.8218161262822955,
        0.7088881901810679,
        0.7019137216920264,
        0.6633099856671323,
        0.6339481275403098,
        0.6094098731540563,
        0.6448672040459815,
        0.576166057435984,
        0.4889460973692744,
        0.4816329171148579,
        0.4330414684719584,
        0.4238241303167986,
        0.42372705992520526,
        0.4792719084057915,
        0.4535401070469551,
        0.37204453581420893,
        0.40075982006245786,
        0.5009069754585121,
        0.37869645843512556,
        0.3415358320213436,
        0.3417250086459216,
        0.3258756041484937,
        0.4445901241865051,
        0.35146469821672094,
        0.3127102680043893,
        0.3065511081367731,
        0.5541651847071192,
        0.39755257093504576,
        0.31541404054824557,
        0.2969692347341039,
        0.2876651993628298,
        0.2617554429165098,
        0.27343547560818743,
        0.23637783684338745,
        0.24849964624919582,
        0.23156044135142242,
        0.21736453667157488,
        0.2338737928612011,
        0.20165796393758795,
        0.23031273252445827,
        0.19090377669153588,
        0.18058497543457183,
        0.2133014451220548,
        0.18018471576231584,
        0.1782421061842378,
        0.1704011542377261,
        0.150847524132454,
        0.16442064778732784,
        0.151132594726017,
        0.16876101232227986,
        0.177112157953631,
        0.20236134223033037,
        0.1975824582871845,
        0.167799509224597,
        0.15509759118320066,
        0.16217964415155936,
        0.16702447237258547,
        0.16777842716847577,
        0.12189032120912681,
        0.1244760286350724,
        0.14900941079942864,
        0.13798893492124722,
        0.16349603360246742,
        0.15333625223759687,
        0.15070400235839607,
        0.13552789134758242,
        0.13980125895115347,
        0.13729898986050837
    ],
    "train_acc": [
        14.137849917666431,
        27.5464596565514,
        38.108680310515176,
        43.80145848035756,
        49.02375911550224,
        52.95224653022818,
        55.63396847800517,
        59.30369324864738,
        61.279698894377795,
        64.99647141848976,
        66.38438014584804,
        63.74970595154081,
        68.38390966831334,
        64.99647141848976,
        69.04257821689015,
        72.17125382262996,
        74.10021171489062,
        68.97200658668548,
        73.11220889202541,
        74.07668783815573,
        75.53516819571865,
        76.68783815572806,
        74.31192660550458,
        78.26393789696542,
        78.16984239002588,
        79.55775111738414,
        80.07527640555163,
        80.68689720065866,
        80.68689720065866,
        81.74547165372853,
        83.90966831333805,
        85.8151023288638,
        86.6384380145848,
        86.40319924723595,
        87.53234533051047,
        86.4737708774406,
        85.57986356151494,
        88.59091978358033,
        87.53234533051047,
        84.19195483415668,
        88.04987061867796,
        89.46130322277111,
        88.92025405786873,
        90.1434956480828,
        86.07386497294755,
        89.10844507174782,
        89.9788285109386,
        90.87273582686427,
        83.32157139496589,
        87.90872735826865,
        89.86120912726417,
        90.63749705951541,
        90.77864031992472,
        91.76664314278993,
        91.60197600564572,
        92.4958833215714,
        92.04892966360856,
        92.37826393789696,
        93.29569513055752,
        92.6370265819807,
        93.67207715831569,
        93.55445777464126,
        94.94236650199953,
        94.1660785697483,
        94.63655610444602,
        94.51893672077158,
        94.35426958362739,
        95.27170077628793,
        95.60103505057633,
        94.4954128440367,
        95.4834156669019,
        95.17760526934839,
        94.54246059750646,
        94.47188896730181,
        95.10703363914374,
        94.80122324159021,
        95.01293813220418,
        94.75417548812044,
        94.89531874852976,
        96.28322747588803,
        96.28322747588803,
        96.44789461303223,
        96.0009409550694,
        95.95389320159963,
        95.05998588567395,
        95.74217831098565,
        94.94236650199953,
        95.95389320159963,
        95.8127499411903,
        96.56551399670666
    ],